<?xml version="1.0" encoding="UTF-8"?>
<ExtensionManifest Version="11.0" ExtensionBundleId="com.antigravity.beatdetector" ExtensionBundleVersion="1.0.0" xmlns:xsi="http://www.w3.org/2001/XMLSchema-instance">
    <ExtensionList>
        <Extension Id="com.antigravity.beatdetector" Version="1.0.0" />
    </ExtensionList>
    <ExecutionEnvironment>
        <HostList>
            <Host Name="PPRO" Version="[12.0,99.9]" />
        </HostList>
        <LocaleList>
            <Locale Code="All" />
        </LocaleList>
        <RequiredRuntimeList>
            <RequiredRuntime Name="CSXS" Version="12.0" />
        </RequiredRuntimeList>
    </ExecutionEnvironment>
    <DispatchInfoList>
        <Extension Id="com.antigravity.beatdetector">
            <DispatchInfo >
                <Resources>
                    <MainPath>./client/index.html</MainPath>
                    <ScriptPath>./host/index.jsx</ScriptPath>
                    <CEFCommandLine>
                        <Parameter>--enable-nodejs</Parameter>
                        <Parameter>--allow-file-access-from-files</Parameter>
                    </CEFCommandLine>
                </Resources>
                <Lifecycle>
                    <AutoVisible>true</AutoVisible>
                </Lifecycle>
                <UI>
                    <Type>Panel</Type>
                    <Menu>Beat Detector</Menu>
                    <Geometry>
                        <Size>
                            <Height>600</Height>
                            <Width>800</Width>
                        </Size>
                    </Geometry>
                </UI>
            </DispatchInfo>
        </Extension>
    </DispatchInfoList>
</ExtensionManifest>
